{
    "apiVersion": "v1",
    "kind": "Namespace",
    "metadata": {
        "annotations": {
            "kubectl.kubernetes.io/last-applied-configuration": "{\"apiVersion\":\"v1\",\"kind\":\"Namespace\",\"metadata\":{\"annotations\":{},\"labels\":{\"app.kubernetes.io/instance\":\"ingress-nginx\",\"app.kubernetes.io/name\":\"ingress-nginx\"},\"name\":\"ingress-nginx\"}}\n"
        },
        "creationTimestamp": "2020-09-18T06:26:13Z",
        "deletionTimestamp": "2020-10-19T05:09:13Z",
        "name": "ingress-nginx",
        "resourceVersion": "10630849",
        "selfLink": "/api/v1/namespaces/ingress-nginx",
        "uid": "29f388dd-3400-49bb-8f68-1c9b540a59f9"
    },
    "spec": {
    },
    "status": {
        "phase": "Terminating"
    }
}
